Tecnología o Práctica,Porcentaje de uso
HTML/CSS,25.0%
JavaScript,22.5%
React.js,20.0%
Angular,18.0%
Vue.js,15.5%
Node.js,14.0%
Express.js,12.5%
Django,11.5%
Flask,10.0%
Ruby on Rails,9.5%
ASP.NET,9.0%
Spring Boot,8.5%
Laravel,8.0%
PHP,7.5%
GraphQL,7.0%
REST APIs,22.0%
WebSockets,6.5%
MySQL,18.0%
PostgreSQL,14.5%
MongoDB,12.0%
SQLite,10.5%
Redis,9.0%
Content Delivery Networks (CDNs),16.0%
Bootstrap,12.0%
Tailwind CSS,11.0%
Sass/SCSS,10.0%
Webpack,8.5%
Babel,7.5%
JWT (JSON Web Tokens),9.0%
OAuth 2.0,8.0%
